天門冬,천문동
枇杷葉,비파엽
枳殼,지각
熟地黃,숙지황
犀角,서각
甘草,감초
生地黃,생지황
石斛,석곡
茵蔯,인진
黃芩,황금
乾薑,건강
小茴香,소회향
川牛膝,천우슬
桂枝,계지
當歸,당귀
白芍藥,백작약
知母,지모
石膏,석고
粳米,갱미
人蔘,인삼
朱砂,주사
白茯苓,백복령
石菖蒲,석창포
遠志,원지
麥門冬,맥문동
丹蔘,단삼
川芎,천궁
桔梗,길경
甘菊,감국
白芷,백지
皂角,조각
細辛,세신
羌活,강활
荊芥,형개
蔓荊子,만형자
薄荷,박하
藁本,고본
防風,방풍
山茱萸,산수유
山藥,산약
澤瀉,택사
牛膝,우슬
牧丹皮,목란피
肉桂,육계
車前子,차전자
附子,부자
角蒿,각호
巴戟,파극
破故紙,파고지
肉蓯蓉,육총용
胡蘆巴,호노파
菟絲子,토사자
茴香,회향
山楂肉,산사육
木香,목향
枳實,지실
胡黃連,호황연
蝦蟆,하마
靑皮,청피
靑黛,청대
麝香,사향
麥芽,맥아
黃連,황연
蘆薈,노회
枯白礬,고백반
牛黃,우황
琥珀,호박
石鍾乳,석종유
石雄黃,석웅황
硫黃,유황
黃丹,황단
靈砂,영사
吳茱萸,오수유
官桂,관계
乳香,유향
五加皮,오가피
大棗,대조
大腹皮,대복피
威靈仙,위영선
木瓜,목과
木通,목통
杜仲,두중
枸杞子,구기자
沒藥,몰약
玄胡索,현호색
生薑,생강
白朮,백출
砂仁,사인
紅花,홍화
薏苡仁,의이인
陳皮,진피
香附子,향부자
黃芪,황기
龍眼肉,용안육
鹿角,녹각
升麻,승마
檳榔,빈랑
神麴,신국
縮砂,축사
肉豆蔲,육두구
良薑,양강
半夏,반하
南星,남성
瓜蔞仁,과루인
山梔子,산치자
秦皮,진피
辰砂,진사
梔子,치자
淡竹葉,담죽엽
薄荷葉,박하엽
連翹,연교
厚朴,후박
山査,산사
川椒,천초
苦楝根皮,고련근피
烏梅,오매
罌粟殼,앵속각
芍藥,작약
訶子,가자
阿膠,아교
白豆蔲,백두구
龍腦,용뇌
三稜,삼능
烏藥,오약
蒼朮,창출
蓬朮,봉출
蔥,총
密蒙花,밀몽화
木賊,목적
柴胡,시호
白蒺藜,백질려
石決明,석결명
蟬殼,선각
藿香,곽향
天麻,천마
杏仁,행인
獨活,독활
白鮮皮,백선피
赤茯苓,적복령
麻黃,마황
乾葛,건갈
五味子,오미자
黃柏,황백
草豆蔲,초두구
玄蔘,현삼
丁香,정향
骨碎補,골쇄보
酸棗仁,산조인
虎骨,호골
鎖陽,쇄양
龜板,귀판
茯苓,복령
山査肉,산사육
蘿蔔子,나복자
朴硝,박초
海桐皮,해동피
薄桂,박계
薑黃,강황
白茯神,백복신
芡仁,검인
金櫻子,금앵자
蓮子肉,연자육
橘紅,귤홍
蘇葉,소엽
白扁豆,백편두
藿香葉,곽향엽
鹿茸,녹용
側柏葉,측백엽
槐花,괴화
續斷,속단
荊芥穗,형개수
貝母,패모
京芥穗,경개수
當歸尾,당귀미
白菊花,백국화
地楡,지유
炙甘草,자감초
乾漆,건칠
條芩,조금
莪朮,아출
香附,향부
地骨皮,지골피
桑白皮,상백피
益智仁,익지인
蘇梗,소경
桂皮,계피
紫蘇葉,자소엽
前胡,전호
款冬花,관동화
沙蔘,사삼
白芥子,백개자
葛根,갈근
蘇子,소자
馬兜鈴,마두영
紫蘇子,자소자
神麯,신국
大黃,대황
가을75,가을75
겨울150g,겨울150g
여름37.5,여름37.5
桃仁,도인
苦蔘,고삼
赤芍藥,적작약
天花粉,천화분
赤芍,적작
山豆根,산두근
川黃連,천황연
燈心草,등심초
牛蒡子,우방자
紫草,자초
防己,방기
茯神,복신
秦艽,진구
桑枝,상지
金銀花,금은화
竹茹,죽여
蘇木,소목
橘皮,귤피
白殭蠶,백강잠
猪苓,저령
荔枝核,려지핵
草果,초과
沈香,침향
懷山藥,회산약
懷熟地黃,회숙지황
懷生地黃,회생지황
柏子仁,백자인
甘枸杞,감구기
牧丹,목단
覆盆子,복분자
仙茅參,선모삼
粉草,분초
竹葉,죽엽
元蔘,원삼
桂心,계심
滑石,활석
阿膠珠,아교주
牛膽南星,우담남성
草龍膽,초용담
補骨脂,보골지
山楂子,산사자
白薇,백미
葳蕤,위유
香薷,향유
便香附,변향부
御米殼,어미각
蟬退,선퇴
血竭,혈갈
烏藥葉,오약엽
當歸身,당귀신
楮實子,저실자
楮實,저실
山茱萸肉,산수유육
桑螵蛸,상표소
韭子,구자
茵蔯蒿,인진호
生乾地黃,생건지황
訶子肉,가자육
木鼈子,목별자
甘草節,감초절
皂角刺,조각자
穿山甲,천산갑
樗根白皮,저근백피
蛤粉,합분
桃枝,도지
梅實,매실
棗,조
柳枝,유지
蓮肉,연육
辣桂,랄계
梔子仁,치자인
芒硝,망초
錦紋大黃,금문대황
白何首烏,백하수오
酒,주
白茅根,백모근
茜根,천근
龍骨,용골
土茯苓,토복령
五味,오미
生熟地黃,생숙지황
薯蕷,서여
石棗,석조
山梔仁,산치인
瞿麥,구맥
萹蓄,편축
何首烏,하수오
白芨,백급
蔥白,총백
川楝子,천련자
虎脛骨,호경골
全蝎,전갈
紫草茸,자초용
北柴胡,북시호
縮砂仁,축사인
母丁香,모정향
海粉,해분
訶子皮,가자피
海石,해석
川烏頭,천오두
白礬,백반
訶梨勒,가이늑
赤石脂,적석지
蓽撥,필발
半夏麴,반하국
穀芽,곡아
訶子核,가자핵
葛花,갈화
旋覆花,선복화
白前,백전
百部根,백부근
射干,사간
忍冬藤,인동등
釣鉤藤,조구등
蟬蛻,선태
川烏,천오
龜板,귀판
鹿角膠,녹각교
海螵蛸,해표소
皂柳根,조유근
鷄內金,계내금
牡蠣,모려
辛荑,신이
百合,백합
人乳,인유
牛乳,우유
梨,이
禹餘糧,우여양
胡麻子,호마자
蒼耳子,창이자
蛇床子,사상자
大戟,대극
巴豆,파두
甘遂,감수
甛葶藶,첨정력
芫花,원화
黑牽牛,흑견우
紫蘇,자소
土木香,토목향
槐角,괴각
芡實,검실
艾,애
川貝母,천패모
紫菀,자울
鬱金,울금
芎藭,궁궁
益母草,익모초
龜殼,귀각
艾葉,애엽
乾地黃,건지황
橘核,귤핵
萆薢,비해
棕櫚皮,종려피
金沸草,금비초
蒲公英,포공영
五靈脂,오영지
蒲黃,포황
葶藶子,정력자
蛇退,사퇴
象牙,상아
黃蠟,황납
露蜂房,노봉방
茶葉,차엽
麻子仁,마자인
桑寄生,상기생
鹿角霜,녹각상
紅花子,홍화자
鹿腎,녹신
淫羊藿,음양곽
豨薟,희렴
陽起石,양기석
黃精,황정
夏枯草,하고초
白附子,백부자
蝸牛,와우
瓜蒂,과체
蝟皮,위피
草烏,초오
黑附子,흑부자
雄黃,웅황
丁香皮,정향피
白丑,백축
懷生地,회생지
片芩,편금
當歸頭,당귀두
白芍,백작
樺皮,화피
石蓮肉,석연육
枸杞,구기
敗醬,패장
王不留行,왕불유행
白薟,백렴
益智,익지
蓯蓉,총용
紫檀香,자단향
糯米,나미
黃柏皮,황백피
川連,천연
紅棗,홍조
茱萸,수유
鬼箭羽,귀전우
苦楝皮,고련피
桑皮,상피
天南星,천남성
大川烏,대천오
天雄,천웅
綿繭,면견
香附米,향부미
虎杖根,호장근
寒水石,한수석
枾霜,시상
烏梅肉,오매육
片腦,편뇌
玄明粉,현명분
砂糖,사당
硼砂,붕사
鱉甲,별갑
鼠粘子,서점자
藕汁,우즙
黑丑,흑축
鷄心檳榔,계심빈랑
惡實,오실
黑豆,흑두
龍膽,용담
浮萍,부평
楡白皮,유백피
珍珠母,진주모
枯礬,고반
元胡索,원호색
昆布,곤포
海藻,해조
淡豆豉,담두시
草決明,초결명
龍膽草,용담초
巴戟天,파극천
羚羊角,영양각
生黃芩,생황금
槲木皮,곡목피
椒葉,초엽
橘葉,귤엽
猪蹄,저제
남,남
여,여
決明子,결명자
炮附子,포부자
辛荑花,신이화
雷丸,뇌환
狗脊,구척
甘草梢,감초초
玉米鬚,옥미수
綠礬,녹반
延胡索,연호색
白薑,백강
蠐螬,제조
天台烏藥,천태오약
生薑皮,생강피
茯苓皮,복령피
靑竹茹,청죽여
鷄屎藤,계시등
撫芎,무궁
貛肉,환육
海金沙,해금사
孩兒茶,해아차
白頭蔲仁,백두구인
栝蔞仁,괄루인
胡椒,호초
忍冬,인동
紫莞茸,자완용
白屈菜,백굴채
老鸛草,노관초
蜈蚣,오공
苦葶藶,고정력
磁石,자석
靑箱子,청상자
半夏麯,반하국
苦楝根,고련근
熟艾,숙애
烏賊魚骨,오적어골
乾栗,건율
女貞實,여정실
海松子,해송자
乾生薑,건생강
白螺螄殼,백나사각
瓜蔞子,과루자
萊菔子,래복자
螺螄殼,나사각
麥蘖,맥얼
柏脂,백지
瓜蔞,과루
澤蘭,택난
蓮子,연자
白蜜,백밀
四季海棠,사계해당
漏蘆,누노
地膚子,지부자
魚腥草,어성초
山萸肉,산유육
楮根皮,저근피
皂角仁,조각인
旱蓮草,한연초
生薑汁,생강즙
胡桃肉,호도육
靑鹽,청염
靈脂,영지
白丁香,백정향
蓽澄茄,필징가
酒麴,주국
靑木香,청목향
甘菊花,감국화
蓮蕊,연예
軟石膏,연석고
地黃,지황
瞿麥穗,구맥수
大蒜,대산
苦竹葉,고죽엽
僵蠶,강잠
蜜,밀
紅花苗,홍화묘
阿芙蓉,아부용
紫蘇莖,자소경
五倍子,오배자
家鼠糞,가서분
韭白根,구백근
韭白,구백
鼠糞,서분
通草,통초
麯蘖,국얼
沙苑蒺藜,사원질려
甘枸杞子,감구기자
羊肝,양간
菊花,국화
蟾蜍,섬서
白蕪異,백무이
蚵蚾草,가파초
夜明砂,야명사
大腹子,대복자
猪牙皂角,저아조각
鹽,염
焰硝,염초
瓦松,와송
馬齒莧,마치현
文蛤,문합
赤何首烏,적하수오
側柏,측백
狗寶,구보
鏡面朱砂,경면주사
寒食麵,한식면
霜梅,상매
好醋,호초
菖蒲,창포
密陀僧,밀타승
白花蛇舌草,백화사설초
地龍,지용
馬蟥,마황
紫背浮萍,자배부평
豉,시
茅根,모근
巴豆肉,파두육
斑猫,반묘
蝎梢,갈초
膽礬,담반
蟾酥,섬소
蓬莪朮,봉아출
白花蛇,백화사
羊脛骨,양경골
豆豉,두시
小豆花,소두화
京墨,경묵
兒茶,아차
氷片,빙편
熊膽,웅담
陳粟米,진속미
猪膽汁,저담즙
橄欖,감람
猪脂,저지
百藥煎,백약전
牙硝,아초
鉛白霜,연백상
銅靑,동청
熟乾地黃,숙건지황
飴糖,이당
李根皮,이근피
龜甲,귀갑
黃蘗,황벽
小麥,소맥
甘松香,감송향
葵子,규자
靑竹葉,청죽엽
輕粉,경분
鐵精,철정
史君子肉,사군자육
大麥蘖,대맥얼
安息香,안식향
烏犀角,오서각
白檀香,백단향
蘇合香,소합향
訶黎勒,가여늑
淸油,청유
百草霜,백초상
蠟,납
京三棱,경삼릉
川薑,천강
白蠟,백납
川乾薑,천건강
乾蟾,건섬
使君子,사군자
川楝肉,천련육
麻油,마유
黃香,황향
白滑石,백활석
白頭翁,백두옹
陳麴,진국
穀精草,곡정초
蛇蛻,사태
乾茶,건차
福建茶,복건차
茶,차
蜣螂,강랑
松煙墨,송연묵
馬牙硝,마아초
金箔,금박
柞木枝,작목지
珍珠,진주
血餘炭,혈여탄
鷄子黃,계자황
草果仁,초과인
高良薑,고양강
甘松,감송
降眞香,강진향
左蟠龍,좌반용
野鴿糞,야합분
魚鰾,어표
水銀,수은
人中黃,인중황
佛耳草,불이초
黃松節,황송절
麻仁,마인
瓜蔞根,과루근
茺蔚子,충울자
巴豆霜,파두상
靑桑皮,청상피
血餘,혈여
朴消,박소
腦子,뇌자
細茶,세차
冬瓜仁,동과인
石蓮子,석연자
陳米,진미
蕤仁,유인
樟腦,장뇌
鶴蝨,학슬
蓖麻子,비마자
三七根,삼칠근
白蒼朮,백창출
蓬莪茂,봉아무
丁香葉,정향엽
槐角子,괴각자
八角茴香,팔각회향
常山,상산
巨勝子,거승자
胡粉,호분
蓮花蕊,연화예
澤蘭葉,택난엽
丁皮,정피
烏頭,오두
紫金皮,자금피
花蕊石,화예석
香白芷,향백지
大薊,대계
赤黍米,적서미
明礬,명반
牙皂,아조
紫苑,자원
胡麻,호마
白梅,백매
磁石毛,자석모
赭石,자석
茜草根,천초근
陳艾葉,진애엽
牛肉,우육
鱔魚,선어
靑州棗,청주조
葛粉,갈분
白石脂,백석지
紫石英,자석영
蓮花鬚,연화수
五色龍骨,오색용골
天仙藤,천선등
莪茂,아무
蒜,산
白鹽,백염
蕎麥,교맥
驢蹄肉,려제육
海風藤,해풍등
片子薑黃,편자강황
繭,견
黑牽牛子,흑견우자
椒目,초목
水蛭,수질
草決明子,초결명자
冬瓜藤,동과등
玉竹,옥죽
猪肝,저간
兎肝,토간
椿根白皮,춘근백피
消石,소석
白膠香,백교향
赤小豆,적소두
虎斑游蛇,호반유사
蝎,갈
螺厴草,나염초
橙子皮,등자피
瓜仁,과인
紅豆,홍두
蒔蘿子,시나자
越瓜,월과
躑躅花,척촉화
酥,소
金毛狗脊,금모구척
海帶,해대
海螺,해나
田螺,전나
苦梗,고경
皂角子,조각자
硇砂,뇨사
阿魏,아위
鷄子,계자
鷄,계
鷄肶胵,계비치
綠豆粉,녹두분
鳴蟬,명선
鷄頭,계두
淸酒,청주
麴酵,국효
猪脬,저포
鷄腸,계장
鷄蘇葉,계소엽
鷄蘇,계소
鷄屎,계시
鷄屎白,계시백
釜底煤,부저매
小草,소초
猪胞,저포
蜀漆,촉칠
栝蔞根,괄루근
鯽魚,즉어
大棗肉,대조육
鷄冠,계관
桂花,계화
芽茶,아차
烏鷄卵,오계난
皂莢,조협
卷柏,권백
子芩,자금
樗根皮,저근피
苦楝肉,고련육
苦楝子,고련자
砒霜,비상
木耳,목이
硝石,초석
礬石,반석
風化硝,풍화초
斑蝥,반모
髮灰,발회
亂髮,난발
蚌粉,방분
犀角屑,서각설
刺蝟皮,자위피
烏蛇,오사
蒺藜子,질려자
人糞,인분
明膠,명교
石榴皮,석류피
晩蠶蛾,만잠아
白龍骨,백용골
綠豆,녹두
沒石子,몰석자
鼠,서
牡鼠,모서
紅礬,홍반
雄鼠,웅서
生漆,생칠
薜荔,벽려
烏梢蛇,오초사
戎鹽,융염
金鈴子,금영자
雲母,운모
苦瓠,고호
蜂房,봉방
靑礞石,청몽석
礞石,몽석
片黃芩,편황금
苧根,저근
急性子,급성자
自然銅,자연동
鐵粉,철분
紫河車,자하차
蜥蜴,석척
空靑,공청
金蛤蟆,금합마
靑橘葉,청귤엽
拒桑葉,거상엽
赤豆,적두
仙人掌,선인장
酒糟,주조
瓜蔞實,과루실
黃瓜蔞,황과루
薤白,해백
螺殼,나각
海蛤粉,해합분
冬瓜,동과
瓜蒂末,과체말
古鏡,고경
桑葉,상엽
檀香,단향
冬瓜子仁,동과자인
貫衆,관중
大豆葉,대두엽
狼牙,낭아
爐甘石,노감석
廣朮,광출
代赭石,대자석
浙貝母,절패모
槐子,괴자
牛膽,우담
楝實,련실
槐白皮,괴백피
槐枝,괴지
食鹽,식염
槐實,괴실
柏葉,백엽
胡桐淚,호동누
綠豆皮,녹두피
杏仁泥,행인니
槐潤,괴윤
瀝靑,력청
藜蘆,려노
蔞蒿,루호
荊三棱,형삼릉
蜀椒,촉초
合歡皮,합환피
醋,초
垣衣,원의
狗頭骨,구두골
鈎藤,구등
蠍尾,헐미
丁公藤,정공등
紅內消,홍내소
紅藤,홍등
陰地蕨,음지궐
苦桔梗,고길경
天竺黃,천축황
臘茶,납차
佛座鬚,불좌수
川歸,천귀
鵝涎,아연
土狗,토구
石燕,석연
芥子,개자
薺苨,제니
蕪荑,무이
黃絹,황견
薤菜,해채
初男乳,초남유
烏金石,오금석
粉霜,분상
鯉魚膽,리어담
黑狗膽,흑구담
小腦,소뇌
紫梢花,자초화
白沙糖,백사당
燕窠土,연과토
女貞子,여정자
南瓜子,남과자
韭菜,구채
獺肝,달간
狼毒,낭독
銅綠,동녹
紅椒,홍초
開口者,개구자
蓮根,연근
山梔,산치
朮,출
榧子,비자
甘草末,감초말
白礬末,백반말
北細辛,북세신
生龍腦,생용뇌
刺蘇,자소
瓦壠子,와롱자
頭髮,두발
紅葵花,홍규화
酒芩,주금
龜尿,귀뇨
椿根皮,춘근피
銀箔,은박
龍齒,용치
牽牛子,견우자
鷄頭實,계두실
冬葵子,동규자
山梔子仁,산치자인
黃蜀葵子,황촉규자
石葦,석위
葵花,규화
益智子,익지자
大懷生地黃,대회생지황
陳橘皮,진귤피
石蟹,석해
柿蒂,시체
紫蘇莖葉,자소경엽
蟹爪,해조
火麻仁,화마인
郁李仁,욱리인
信砒,신비
定粉,정분
荷葉,하엽
菉豆末,녹두말
蚯蚓,구인
大蓼,대료
枇杷,비파
斑鳩,반구
羚羊肝,영양간
羯羊肝,갈양간
石燕肉,석연육
海蛤,해합
馬藺花,마린화
馬尾,마미
月石,월석
竹黃,죽황
海星,해성
桑柴灰,상시회
人中白,인중백
米醋,미초
野鳳仙花,야봉선화
連鬚葉葱,연수엽총
金錢草,금전초
生白礬,생백반
桃白皮,도백피
羊腎,양신
連鬚葱,연수총
伏龍肝,복용간
黑鉛,흑연
紅芽大戟,홍아대극
零陵香,영능향
韭菜根,구채근
馬藺子,마린자
膩粉,니분
雪梨汁,설리즙
蘿菔,나복
枯芩,고금
白粉葛,백분갈
糯米酒,나미주
丹砂,단사
乳汁,유즙
兎屎,토시
垂盆草,수분초
三七,삼칠
天靈蓋,천영개
芫靑,원청
紅豆蔲,홍두구
白果,백과
馬勃,마발
銅錢,동전
生硫黃,생유황
蘭香草,난향초
膽星,담성
板藍根,판남근
蘆根,노근
大豆黃卷,대두황권
蠶布紙,잠포지
藍葉,남엽
藍漆,남칠
明白礬,명백반
松脂,송지
海松子油,해송자유
猯油,단유
明松脂,명송지
臘猪脂,납저지
大風子,대풍자
腦麝,뇌사
元明粉,원명분
茄子,가자
太陰玄精石,태음현정석
脂麻,지마
山慈姑,산자고
鳳尾草,봉미초
土瓜根,토과근
桃核仁,도핵인
松栢葉,송백엽
馬剝兒,마박아
蓮子心,연자심
茹蘆,여로
大力子,대力자
黃連,황련
連鬚,련수
白蜂蜜,백봉밀
苦木,고목
苦木瘡,고목창
酸石榴皮,산석류피
石灰,석회
風化石灰,풍화석회
五穀蟲,오곡충
扁豆,편두
銀柴胡,은시호
人言,인언
乾蝦䗫,건하마
油頭髮灰,유두발회
油髮灰,유발회
秋石,추석
白粥,백죽
鹿頭,鹿두
鍼砂,침사
麋茸,미용
猪膽,저담
鹽花,염화
川續斷,천속단
蛇皮,사피
絲瓜藤,사과등
白砒,백비
凌霄花,능소화
蚶殼,감각
桃根,도근
蒼耳草,창이초
兎糞,토분
蠶退紙,잠퇴지
竹瀝,죽력
牛涎,우연
商陸,상륙
黃狗頭骨,황구두골
芙蓉葉,부용엽
續隨子,속수자
鬼臼,귀구
經霜桑葉,경상상엽
麵,면
仙遺粮,선유량
團魚,단어
猯肉,단육
驢肉,려육
天仙子,천선자
蒼耳葉,창이엽
蜘蛛,지주
雄黑豆,웅흑두
黃楊木,황양목
棗子,조자
膠飴,교이
川椒子,천초자
小薊,소계
頑荊葉,완형엽
牽牛,견우
紅藍花,홍남화
鬼箭,귀전
羊肉,양육
爐灰,노회
大懷熟地黃,대회숙지황
黃蘗皮,황벽피
瓜子金,과자금
魚膠,어교
槺棠花,강당화
橘餠,귤병
綿黃芪,면황기
蛇黃,사황
大薊根,대계근
鉛粉,연분
川練,천련
槐條,괴조
大豆蘖,대두얼
大豆,대두
杵頭糠,저두강
牛囀草,우전초
巴霜,파상
仙茅,선모
天冬,천동
遠志肉,원지육
乾宣木瓜,건선목과
大山黧豆,대산려두
黃藥子,황약자
新羅白附子,신羅백부자
細香墨,세향묵
芒消,망소
蠶繭,잠견
兩頭尖,양두첨
豆蔻,두구
越砥石,월지석
細墨,세묵
栗楔,율설
金銀箔,금은박
烏雄鷄,오웅계
石床,석상
無名異,무명이
猪懸蹄甲,저현제갑
皂莢刺,조협자
陳倉米,진창미
烏蛇肉,오사육
大靑葉,대청엽
大靑,대청
香豉,향시
石龍,석용
赤箭,적전
食茱萸,식수유
大風子油,대풍자유
瓜子,과자
蝱蟲,맹충
蟅蟲,자충
虻蟲,맹충
童便,동변
靑蒿,청호
水楡,수유
白牽牛,백견우
蔥涎,총연
蜂蜜,봉밀
桃奴,도노
玳瑁,대모
牡鼠糞,모서분
鷄子淸,계자청
菝葜,발계
黃牛肉,황우육
白石灰,백석회
獨頭蒜,독두산
絲瓜,사과
甛瓜蒂,첨과체
柑子皮,감자피
潮腦,조뇌
竈心土,조심토
骨膽草根,골담초근
豚卵,돈란
白麵,백면
乾山藥,건산약
井泉石,정천석
仙靈脾,선영비
桐油,동유
茄蒂,가체
雀腦,작뇌
大肉豆寇,대육두구
無灰酒,무회주
獖猪肚,분저두
黃酒,황주
猪脊髓,저척수
沒食子,몰식자
猪心,저심
地龍糞,지용분
猪屎,저시
好井水,호정수
燈花,등화
蜆殼,현각
驢生脂,려생지
連鬚蔥白,연수총백
劉寄奴,유기노
蓮房,연방
巴豆殼,파두각
芭蕉,파초
芭蕉葉,파초엽
芭蕉汁,파초즙
鯉魚,리어
杉木節,삼목절
石南葉,석남엽
栗子,율자
木鱉,목별
曾靑,증청
水晶,수정
香油,향유
白檳榔,백빈랑
野芝麻,야지마
蓬茂,봉무
銀硃,은주
皺面草,추면초
豨薟草,희렴초
麻黃根,마황근
麥蘖麴,맥얼국
生梓白皮,생재백피
木鼈子仁,목별자인
白麻,백마
荔枝,려지
鰻鱺魚,만려어
白果芽,백과아
白葛根,백갈근
菊花蕊,국화예
豌豆花,완두화
綠豆花,綠두화
番木鱉,번목별
百沸湯,백비탕
蕃椒,번초
大山豆根,대산두근
白藥子,백약자
蚤休,조휴
車前葉,차전엽
蔓菁子,만청자
萱草根,훤초근
鳳凰衣,봉황의
好茶,호茶
氷糖,빙당
桑根白皮,상근백피
土鱉蟲,토별충
鐘乳石,종유석
韶粉,소분
官粉,관분
乾臙脂,건연지
石脂,석지
猪膏,저고
雲母石,운모석
金星石,금성석
桃膠,도교
石首魚頭中石,석수어두중석
紫貝,자패
浮小麥,부소맥
商陸根,상륙근
澤漆,택칠
茅花,모화
乾木瓜,건목과
冬瓜子,동과자
木防己,목방기
黃蜀葵花,황촉규화
水紅花子,수홍화자
翻白草,번백초
大麻仁,대마인
石三棱,석삼릉
紅麯,홍국
巴豆仁,파두인
肉豆寇仁,육두구인
大茄,대가
千金子,천금자
信石,신석
石硫黃,석유황
猫頭骨,묘두골
蝙蝠,편복
茄花,가화
晩蠶沙,만잠사
鯉魚鱗,리어린
人屎,인시
犬屎,견시
人牙,인아
狗齒,구치
猪牙,저아
猫齒,묘치
天胡荽,천호유
白葵花,백규화
敗鼓皮,패고피
大斧,대부
竈中熱灰,조중열회
螢火,형화
雌黃,자황
白麴,백국
黃狗,황구
黃牛膽,황우담
胡桃,호도
墨,묵
麋角,미각
穭豆,려두
菥蓂子,석명자
猪骨髓,저골수
乾酵,건효
泉水,천수
薄荷油,박하유
風化消,풍화소
蝮蛇,복사
靑礬,청반
粟米,속미
黍米,서미
槐膠,괴교
烏犀,오서
烏鴉,오아
狐肝,호간
石燕子,석연자
黑脂麻,흑지마
珊瑚,산호
瑪瑙,마노
枾餠,시병
地柏,지백
牙消,아소
燒石,소석
乾蠍,건헐
黃桑葉,황상엽
水粉,수분
穀,곡
新汲水,신급수
胡麻油,호마유
杏仁油,행인유
黃牛糞,황우분
釜下墨,부하묵
亂髮灰,난발회
紫葳花,자위화
拳蔘,권삼
秦椒,진초
白花蛇肉,백화사육
牙皂角,아조각
白堊,백악
蚯蚓糞,구인분
鷄血藤,계혈등
白降丹,백강단
粟殼,속각
藕節,우절
冬葵根,동규근
人尿,인뇨
白蒿,백호
鷄卵,계란
芥菜子,개채자
鷄子白,계자백
石蜜,석밀
白布,백포
番瀉葉,번사엽
史君子仁,사군자인
蠶退,잠퇴
路傍草鞋,노방초혜
釜下黑煤,부하흑매
虎頭骨,호두골
赤茯神,적복신
韭葉芸香草,구엽운향초
焰消,염소
靑黛粉,청대분
鵝不食草,아不식초
烏扇,오선
紫葳,자위
蜜蜂窩,밀봉와
鼠婦,서부
家菊,가국
蒼耳,창이
天漿子,천장자
白鱔頭,백선두
蟾頭,섬두
靑橘皮,청귤피
黃牛,황우
茅蒼朮,모창출
馬鳴退,마명퇴
寶豆,보두
牛髓,우수
藍根,남근
蓮心,연심
黃絲絹,황사견
秫米,출미
山椒,산초
靈芝,영지
猪大腸,저대장
白檀,백단
風化朴硝,풍화박초
鱉頭,별두
馬乳,마유
梅花,매화
黑錫,흑석
硫黃,유황
白羯羊肝,백갈양간
土蜂房,토봉방
胡桃仁,호도인
蔥根,총근
黑狗脊,흑구척
芙蓉,부용
三奈,삼奈
八角香,팔각향
茅香,모향
菉豆,녹두
浮椒,부초
甘李根皮,감리근피
龜肉,귀육
製半夏,제반하
梅花腦子,매화뇌자
甲香,갑향
鐵液,철액
桑椹子,상심자
菜子七,채자칠
蜀葵子,촉규자
大烏頭,대오두
蛇含石,사함석
鐵胤粉,철윤분
牛骨髓,우골수
楓香脂,풍향지
絲瓜葉,사과엽
軟滑石,연활석
荸薺,발제
白羊子肝,백양자간
葫蘆,호로
香茹,향여
絲瓜根,사과근
苦絲瓜,고사과
松節,송절
茄根,가근
宣木瓜,선목과
一方加防風,일방가방풍
白蠶,백잠
人蔘蘆,인삼노
大檳榔,대빈랑
商陸乾,상륙건
赤蘞,적렴
羊角,양각
片,편
大香附,대향부
肉果,육과
雪梨,설리
人齒,인치
猪齒,저치
苦葶藶子,고정력자
蘇合油,소합유
蘇合香油,소합향유
八角川烏頭,팔각천오두
不灰木,불회목
紫花地丁,자화지정
糖球子,당구자
淸蜜,청밀
山芋,산우
黑桑椹,흑상심
甘草根,감초근
水銀滓,수은재
猪腰子,저요자
五倍木根,오배목근
蒼耳草根,창이초근
菴䕡,암려
磠砂,뇨사
栗毛殼,율모각
猪頸上毛,저경상모
猫頸上毛,묘경상모
鼠屎,서시
草豆蔲仁,초두구인
乾枾,건시
牙子,아자
海松子仁,해송자인
松子仁,송자인
白硼砂,백붕사
靑梁米,청양미
荔花葉,려화엽
桑耳,상이
柳桂,柳계
生梨,생리
壁錢,벽전
韭,구
臙脂,연지
蓮實,연실
生藕,생우
釣藤,조등
枯黃芩,고황금
艾納香,애납향
黃米,황미
硫黃末,유황말
鷹屎白,응시백
蘇木節,소목절
馬鞭草,마편초
猪腎,저신
甛瓜子,첨과자
黃鐵石,황철석
旋葍花,선복화
猪懸蹄,저현제
白蘆甘石,백노감석
巴戟肉,파극육
玄精石,현정석
鷄冠血,계관혈
天竹黃,천죽황
豬脂油,저지유
車前草,차전초
覆盆子葉,복분자엽
蠶砂,잠사
楮枝,저지
甘土,감토
象皮,상피
鳳仙,봉선
小薊根,소계근
蒲黃草,포황초
褌襠,곤당
小麥麴,소맥국
黑炭,흑탄
纏豆藤,전두등
金銀花,금은화
忍冬草,인동초
海昆布,해곤포
蘇枋木,소방목
松蘿,송나
烏鷄,오계
江鰾,강표
鷄子殼,계자각
茅朮,모출
鵝管石,아관석
淡菜,담채
栗皮,율피
細榧肉,세비육
徽墨,휘묵
山楂,산사
酸漿,산장
肉蔲,육구
柏實,백실
松花,송화
杵糠,저강
水馬,수마
狗膽,구담
楊柳,양유
鉛霜,연상
香墨,향묵
黃明膠,황명교
靑布,청포
男子裩布,남자곤포
百齒霜,백치상
鹽豉,염시
光粉,광분
鱖魚,궐어
熟半夏,숙반하
熟蒼朮,숙창출
蓮花,연화
薔薇花,장미화
蕎麥麵,교맥면
小麥麵,소맥면
櫻桃,앵도
白梅肉,백매육
鉛丹,연단
中桂,중계
薑半夏,강반하
犬肉,견육
扁豆花,편두화
海參,해삼
刺猬皮,자위피
雀腦芎,작뇌궁
桃,도
金汁,금즙
浦公英花,포공영화
赤小豆花,적소두화
軟防風,연방풍
皮消,피소
車脂,차지
羊糞,양분
砒石,비석
蛇蛻皮,사태피
黃牛角䚡,황우각새
敗棕,패종
牛角䚡,우각새
眞蛤粉,진합분
白鴿,백합
猪靨肉,저엽육
血,혈
浮石,부석
鱉,별
獺爪,달조
柳枝葉,유지엽
圓眼肉,원안육
冬靑子,동청자
白鷗,백구
新綿,신면
油髮,유발
赤松皮,적송피
蓮蓬草,연봉초
紅麴,홍국
桂府滑石,계부활석
絡石藤,락석등
石鹹花,석함화
京芥,경개
白膠,백교
桃葉,도엽
壁土,벽토
虎杖,호장
甛葶藶子,첨정력자
鴨血,압혈
鴨子,압자
성인,성인
乾艾葉,건애엽
凝水石,응수석
罌粟,앵속
汞,홍
白乳羊肝,백유양간
原蠶蛾,원잠아
羊乳,양유
羊肺,양폐
黑錫丹,흑석단
羊蹄根,양제근
扁柏,편백
大麥,대맥
猪油,저유
紅蜀葵根,홍촉규근
壁虎,벽호
苦壺盧子,고호노자
黃黍米,황서미
苦瓠子,고호자
乳糖,유당
山羊血,산양혈
藤黃,등황
雀肉,작육
茨菰,자고
䆓墨,연묵
鉛,연
羊脂,양지
礬紅,반홍
白蓮藕,백연우
烏龜,오귀
大麥芽,대맥아
生乾薑,생건강
黑錫灰,흑석회
光明鹽,광명염
膃訥臍,올눌제
理石,이석
藍實,남실
白麥飯石,백맥반석
荀殼菜,순각채
預知子,예지자
酸木瓜乾,산목과건
鷄糞,계분
銀杏,은행
栗,율
麒麟竭,기린갈
猪血,저혈
烏鷄膽,오계담
靑羊膽,청양담
羊膽,양담
靑魚膽,청어담
黃豆,황두
烏蘞莓,오렴매
苦酒,고주
煨薑,외강
豆黃,두황
野菊花,야국화
皂礬,조반
黑礬,흑반
烏鴉翎,오아령
水晶葡萄葉,수정포도엽
䕡茹,려여
甘薯,감서
葦莖,위경
猪蹄甲,저제갑
田螺肉,전라육
猪蹄退,저제퇴
鷄舌香,계설향
蓮蓬殼,연봉각
鵝毛,아모
棗葉,조엽
乾楮實,건저실
南鵬砂,남붕사
槐根白皮,괴근백피
白鴿糞,백합분
粉葛,분갈
臙脂胚,연지배
王瓜根,왕과근
羊髓,양수
蒴藋,삭조
荷梗,하경
西洋蔘,서양삼
西瓜翠衣,서과취의
川烏尖,천오첨
銅,동
竈心黃土,조심황토
黃土,황토
石亭脂,석정지
猪糞,저분
貢蒲黃,공포황
蜣蛝,강한
鈎藤皮,구등피
曼陀羅,만타라
龍牙草,용아초
龍泉粉,용천분
牛角,우각
습용(濕用,습용(습용
藕,우
牛蒡根,우방근
長白苧麻,장백저마
老薑,노강
紫蔘,자삼
桑椹,상심
玉簪花,옥잠화
甛硝,첨초
蕓薹子,운대자
夜合樹皮,야합수피
槿樹皮,근수피
桑黃菇,상황고
原蠶沙,원잠사
瓜瓣仁,과판인
葦葉,위엽
乾菊花,건국화
火杴草,화험초
猫兒毛,묘아모
眞麻油,진마유
淸醬,청장
猪心血,저심혈
京香墨,경향묵
川楝子肉,천련자육
乾枸杞根,건구기근
乾薔薇根,건장미근
生薑母,생강모
苦丁香,고정향
葎草,률초
錫,석
苧麻根,저마근
田螺殼,전라각
猪肉,저육
羯羊膽,갈양담
터진 다음,터진 다음
燒酒,소주
龍眼,용안
小麥奴,소맥노
樑上塵,량상진
竈突墨,조돌묵
狐肚,호두
松根白皮,송근백피
烏鷄子,오계자
蛔蟲,회충
竹筍,죽순
荊穗,형수
蛇骨,사골
鮮黃連,선황련
白乾葛,백건갈
蛤蚧,합개
北沙蔘,북사삼
土鼈,토별
石膏末,석고말
井底泥,정저니
萵苣子,와거자
白棉子,백면자
精猪肉,정저육
金絲黃礬,금사황반
黃躑躅根,황척촉근
白石英,백석영
太一餘糧,태일여량
白桔梗,백길경
蕺,즙
雀卵,작란
昨葉荷草,작엽하초
海狗腎,해구신
糞蛆,분저
水芝,수지
3 개,3 개
野蜂房,야봉방
猪肚,저두
猪,저
樗白皮,저백피
猪膚,저부
白粉,백분
猪乳汁,저유즙
蝨子,슬자
漢椒,한초
龍葵,용규
連翹心,연교심
月經布,월경포
核桃仁,핵도인
赤朮,적출
紫磠砂,자뇨사
生芩,생금
剪刀草,전도초
鷄膽,계담
貝齒,패치
獖猪膽,분저담
古文錢,고문전
千金藤,천금등
大當歸,대당귀
山沈香,산침향
鵝掌金星草,아장금성초
不夾石雄黃,불협석웅황
牛膽汁,우담즙
楮葉,저엽
白錫,백석
鷄冠花,계관화
南藤,남등
龜,귀
赤白何首烏,적백하수오
石龍芮,석용예
龜膠,귀교
鹿膠,녹교
靑蒿子,청호자
人爪甲,인조갑
人指甲,인지갑
鰒魚,복어
水楊梅根,수양매근
蕪菁,무청
檉柳,정유
靑竹皮,청죽피
白牽牛子,백견우자
馬藺根,마린근
枳椇子,지구자
地衣,지의
石榴花,석류화
地丁,지정
蓮蓬,연봉
鐵,철
鐵線草,철선초
大熟地黃,대숙지황
家鴨,가압
蕎麵,교면
椿皮,춘피
推車客,추차객
白楊葉,백양엽
車螯,車오
鱔魚血,선어혈
大靑根,대청근
躑躅,척촉
葫蘆茶,호로차
梅枝,매지
石榴枝,석류지
夜交藤,야교등
石榴根皮,석류근피
眞川烏,진천오
冬靑葉,동청엽
鷄腸草,계장초
馬兜鈴根,마두령근
酒酵子,주효자
萍,평
狗糞,구분
猫糞,묘분
半枝蓮,반지련
小甘草,소감초
蒸餠,증병
胡麻仁,호마인
熱加柴胡,열가시호
桃梟,도효
山茶花,산茶화
生蜜,생밀
小麥麩,소맥부
鷹糞,응분
兎腦,토뇌
兎腦髓,토뇌수
銅末,동말
金線蛙,금선와
豆腐漿,두부장
烏骨鷄脛骨,오골계경골
生豬脂油,생저지유
欖油,람유
山馬豆根,산마두근
蚯蚓屎,구인시
枳核,지핵
鴟頭,치두
眞松蘿,진송라
弓弩弦,궁노현
蚯蚓泥,구인니
馬夜眼,마야안
羊躑躅花,양척촉화
半支蓮,반지련
薑屑,강설
苹果,평과
실자(實者,실자(실자
蓖麻葉,비마엽
黃礬,황반
白鵝,백아
葡萄,포도
黃花地丁,황화지정
水藿香,수곽향
紫杉,자삼
土瓜,토과
鼠內腎,서내신
兎血,토혈
蓖麻子仁,비마자인
螻蛄,루고
큰것),큰것)
緊磁石,긴자석
陳黃米,진황미
綠豆升麻,녹두승마
杏枝,행지
角香,각향
蚌蛤,방합
魚腦石,어뇌석
紅銅,홍동
牛糞,우분
乾蟾頭,건섬두
楓葉,풍엽
鰕,하
毛貫衆,모관중
白辛樹,백신수
心紅,심홍
地漿,지장
藍汁,남즙
金線草,금선초
藍靑,남청
糞淸,분청
蟹,해
冷泉,냉천
李,이
弦子,현자
樟冰,장빙
花乳石,화유석
松墨,송묵
胡荽,호유
虎肉,호육
熱爐甘石,열爐감석
紅鉛,홍연
木澤,목택
蘆花,노화
土貝母,토패모
鹿,녹
土蜂窩,토봉와
苦練皮根,고련피근
樺木皮,화목피
不灰木,불회목
白魚,백어
蝎虎,갈호
老鶴草,노학초
羖羊腎,고양신
茵芋莖葉,인우경엽
苧麻葉,저마엽
鼠尾黃芩,서미황금
昭腦,소뇌
竈中黃土,조중황토
蘭花,난화
好豉,호시
漆,칠
